year,gender,age,value
1971,Female+,All ages,457786.0
1972,Female+,All ages,453006.0
1973,Female+,All ages,449309.0
1974,Female+,All ages,448087.0
1975,Female+,All ages,452965.0
1976,Female+,All ages,460583.0
1977,Female+,All ages,467509.0
1978,Female+,All ages,471865.0
1979,Female+,All ages,475906.0
1980,Female+,All ages,480440.0
1981,Female+,All ages,485083.0
1982,Female+,All ages,491359.0
1983,Female+,All ages,499173.0
1984,Female+,All ages,506149.0
1985,Female+,All ages,511489.0
1986,Female+,All ages,513516.0
1987,Female+,All ages,515858.0
1988,Female+,All ages,513872.0
1989,Female+,All ages,510187.0
1990,Female+,All ages,504926.0
1991,Female+,All ages,503069.0
1992,Female+,All ages,504010.0
1993,Female+,All ages,505481.0
1994,Female+,All ages,507261.0
1995,Female+,All ages,509926.0
1996,Female+,All ages,512045.0
1997,Female+,All ages,511416.0
1998,Female+,All ages,511312.0
1999,Female+,All ages,509892.0
2000,Female+,All ages,506478.0
2001,Female+,All ages,502831.0
2002,Female+,All ages,501635.0
2003,Female+,All ages,501692.0
2004,Female+,All ages,502493.0
2005,Female+,All ages,500929.0
2006,Female+,All ages,500737.0
2007,Female+,All ages,504830.0
2008,Female+,All ages,511408.0
2009,Female+,All ages,518497.0
2010,Female+,All ages,525707.0
2011,Female+,All ages,531309.0
2012,Female+,All ages,538989.0
2013,Female+,All ages,545880.0
2014,Female+,All ages,551777.0
2015,Female+,All ages,556859.0
2016,Female+,All ages,563606.0
2017,Female+,All ages,569319.0
2018,Female+,All ages,573715.0
2019,Female+,All ages,577516.0
2020,Female+,All ages,579262.0
2021,Female+,All ages,579617.0
2022,Female+,All ages,585179.0
2023,Female+,All ages,600089.0
1971,Female+,0 to 4 years,38891.0
1972,Female+,0 to 4 years,37535.0
1973,Female+,0 to 4 years,36916.0
1974,Female+,0 to 4 years,36241.0
1975,Female+,0 to 4 years,36485.0
1976,Female+,0 to 4 years,37090.0
1977,Female+,0 to 4 years,38077.0
1978,Female+,0 to 4 years,38476.0
1979,Female+,0 to 4 years,39151.0
1980,Female+,0 to 4 years,39695.0
1981,Female+,0 to 4 years,39880.0
1982,Female+,0 to 4 years,40491.0
1983,Female+,0 to 4 years,41605.0
1984,Female+,0 to 4 years,42422.0
1985,Female+,0 to 4 years,42563.0
1986,Female+,0 to 4 years,42446.0
1987,Female+,0 to 4 years,42560.0
1988,Female+,0 to 4 years,41364.0
1989,Female+,0 to 4 years,40467.0
1990,Female+,0 to 4 years,39462.0
1991,Female+,0 to 4 years,38561.0
1992,Female+,0 to 4 years,37986.0
1993,Female+,0 to 4 years,37594.0
1994,Female+,0 to 4 years,36776.0
1995,Female+,0 to 4 years,35919.0
1996,Female+,0 to 4 years,35357.0
1997,Female+,0 to 4 years,34209.0
1998,Female+,0 to 4 years,33320.0
1999,Female+,0 to 4 years,32311.0
2000,Female+,0 to 4 years,31301.0
2001,Female+,0 to 4 years,30452.0
2002,Female+,0 to 4 years,29811.0
2003,Female+,0 to 4 years,29388.0
2004,Female+,0 to 4 years,29281.0
2005,Female+,0 to 4 years,28726.0
2006,Female+,0 to 4 years,28671.0
2007,Female+,0 to 4 years,29452.0
2008,Female+,0 to 4 years,30914.0
2009,Female+,0 to 4 years,32003.0
2010,Female+,0 to 4 years,33332.0
2011,Female+,0 to 4 years,34132.0
2012,Female+,0 to 4 years,35180.0
2013,Female+,0 to 4 years,35703.0
2014,Female+,0 to 4 years,36265.0
2015,Female+,0 to 4 years,36665.0
2016,Female+,0 to 4 years,37383.0
2017,Female+,0 to 4 years,37714.0
2018,Female+,0 to 4 years,37791.0
2019,Female+,0 to 4 years,37141.0
2020,Female+,0 to 4 years,36367.0
2021,Female+,0 to 4 years,35245.0
2022,Female+,0 to 4 years,34642.0
2023,Female+,0 to 4 years,34381.0
1971,Female+,5 to 9 years,48543.0
1972,Female+,5 to 9 years,45650.0
1973,Female+,5 to 9 years,42519.0
1974,Female+,5 to 9 years,40040.0
1975,Female+,5 to 9 years,38642.0
1976,Female+,5 to 9 years,38333.0
1977,Female+,5 to 9 years,38120.0
1978,Female+,5 to 9 years,38124.0
1979,Female+,5 to 9 years,37857.0
1980,Female+,5 to 9 years,37843.0
1981,Female+,5 to 9 years,38092.0
1982,Female+,5 to 9 years,38560.0
1983,Female+,5 to 9 years,38958.0
1984,Female+,5 to 9 years,39648.0
1985,Female+,5 to 9 years,40368.0
1986,Female+,5 to 9 years,40512.0
1987,Female+,5 to 9 years,40547.0
1988,Female+,5 to 9 years,40760.0
1989,Female+,5 to 9 years,40664.0
1990,Female+,5 to 9 years,40089.0
1991,Female+,5 to 9 years,39941.0
1992,Female+,5 to 9 years,39658.0
1993,Female+,5 to 9 years,38879.0
1994,Female+,5 to 9 years,38771.0
1995,Female+,5 to 9 years,38858.0
1996,Female+,5 to 9 years,38646.0
1997,Female+,5 to 9 years,38114.0
1998,Female+,5 to 9 years,37728.0
1999,Female+,5 to 9 years,36620.0
2000,Female+,5 to 9 years,35267.0
2001,Female+,5 to 9 years,34010.0
2002,Female+,5 to 9 years,33055.0
2003,Female+,5 to 9 years,32190.0
2004,Female+,5 to 9 years,31447.0
2005,Female+,5 to 9 years,30738.0
2006,Female+,5 to 9 years,30115.0
2007,Female+,5 to 9 years,29977.0
2008,Female+,5 to 9 years,30029.0
2009,Female+,5 to 9 years,30367.0
2010,Female+,5 to 9 years,30449.0
2011,Female+,5 to 9 years,31041.0
2012,Female+,5 to 9 years,32306.0
2013,Female+,5 to 9 years,33652.0
2014,Female+,5 to 9 years,34619.0
2015,Female+,5 to 9 years,35834.0
2016,Female+,5 to 9 years,36880.0
2017,Female+,5 to 9 years,37300.0
2018,Female+,5 to 9 years,37457.0
2019,Female+,5 to 9 years,37729.0
2020,Female+,5 to 9 years,37617.0
2021,Female+,5 to 9 years,37566.0
2022,Female+,5 to 9 years,37949.0
2023,Female+,5 to 9 years,39040.0
1971,Female+,10 to 14 years,50103.0
1972,Female+,10 to 14 years,49616.0
1973,Female+,10 to 14 years,49401.0
1974,Female+,10 to 14 years,48906.0
1975,Female+,10 to 14 years,48115.0
1976,Female+,10 to 14 years,46844.0
1977,Female+,10 to 14 years,45421.0
1978,Female+,10 to 14 years,43194.0
1979,Female+,10 to 14 years,41131.0
1980,Female+,10 to 14 years,39573.0
1981,Female+,10 to 14 years,38797.0
1982,Female+,10 to 14 years,38759.0
1983,Female+,10 to 14 years,38942.0
1984,Female+,10 to 14 years,38727.0
1985,Female+,10 to 14 years,38734.0
1986,Female+,10 to 14 years,38651.0
1987,Female+,10 to 14 years,39020.0
1988,Female+,10 to 14 years,38785.0
1989,Female+,10 to 14 years,38548.0
1990,Female+,10 to 14 years,38328.0
1991,Female+,10 to 14 years,38077.0
1992,Female+,10 to 14 years,38455.0
1993,Female+,10 to 14 years,39218.0
1994,Female+,10 to 14 years,39550.0
1995,Female+,10 to 14 years,39460.0
1996,Female+,10 to 14 years,39440.0
1997,Female+,10 to 14 years,39525.0
1998,Female+,10 to 14 years,39108.0
1999,Female+,10 to 14 years,38837.0
2000,Female+,10 to 14 years,38407.0
2001,Female+,10 to 14 years,37645.0
2002,Female+,10 to 14 years,37255.0
2003,Female+,10 to 14 years,36910.0
2004,Female+,10 to 14 years,36042.0
2005,Female+,10 to 14 years,35040.0
2006,Female+,10 to 14 years,34065.0
2007,Female+,10 to 14 years,33437.0
2008,Female+,10 to 14 years,33065.0
2009,Female+,10 to 14 years,32721.0
2010,Female+,10 to 14 years,32595.0
2011,Female+,10 to 14 years,32322.0
2012,Female+,10 to 14 years,32363.0
2013,Female+,10 to 14 years,32520.0
2014,Female+,10 to 14 years,32997.0
2015,Female+,10 to 14 years,33001.0
2016,Female+,10 to 14 years,33816.0
2017,Female+,10 to 14 years,34411.0
2018,Female+,10 to 14 years,35313.0
2019,Female+,10 to 14 years,35942.0
2020,Female+,10 to 14 years,36798.0
2021,Female+,10 to 14 years,37216.0
2022,Female+,10 to 14 years,37791.0
2023,Female+,10 to 14 years,38830.0
1971,Female+,15 to 19 years,47165.0
1972,Female+,15 to 19 years,46950.0
1973,Female+,15 to 19 years,46382.0
1974,Female+,15 to 19 years,46402.0
1975,Female+,15 to 19 years,47048.0
1976,Female+,15 to 19 years,47971.0
1977,Female+,15 to 19 years,48148.0
1978,Female+,15 to 19 years,48372.0
1979,Female+,15 to 19 years,48244.0
1980,Female+,15 to 19 years,47839.0
1981,Female+,15 to 19 years,46908.0
1982,Female+,15 to 19 years,45219.0
1983,Female+,15 to 19 years,43270.0
1984,Female+,15 to 19 years,41390.0
1985,Female+,15 to 19 years,39878.0
1986,Female+,15 to 19 years,38995.0
1987,Female+,15 to 19 years,38350.0
1988,Female+,15 to 19 years,37715.0
1989,Female+,15 to 19 years,36940.0
1990,Female+,15 to 19 years,36428.0
1991,Female+,15 to 19 years,36392.0
1992,Female+,15 to 19 years,36536.0
1993,Female+,15 to 19 years,36534.0
1994,Female+,15 to 19 years,37089.0
1995,Female+,15 to 19 years,37921.0
1996,Female+,15 to 19 years,38454.0
1997,Female+,15 to 19 years,38126.0
1998,Female+,15 to 19 years,38370.0
1999,Female+,15 to 19 years,38475.0
2000,Female+,15 to 19 years,38363.0
2001,Female+,15 to 19 years,38386.0
2002,Female+,15 to 19 years,38405.0
2003,Female+,15 to 19 years,37906.0
2004,Female+,15 to 19 years,37863.0
2005,Female+,15 to 19 years,37579.0
2006,Female+,15 to 19 years,37387.0
2007,Female+,15 to 19 years,37384.0
2008,Female+,15 to 19 years,37320.0
2009,Female+,15 to 19 years,36705.0
2010,Female+,15 to 19 years,35944.0
2011,Female+,15 to 19 years,35166.0
2012,Female+,15 to 19 years,34630.0
2013,Female+,15 to 19 years,34224.0
2014,Female+,15 to 19 years,34003.0
2015,Female+,15 to 19 years,34126.0
2016,Female+,15 to 19 years,34178.0
2017,Female+,15 to 19 years,33943.0
2018,Female+,15 to 19 years,33755.0
2019,Female+,15 to 19 years,33860.0
2020,Female+,15 to 19 years,33460.0
2021,Female+,15 to 19 years,33494.0
2022,Female+,15 to 19 years,34511.0
2023,Female+,15 to 19 years,36423.0
1971,Female+,20 to 24 years,34348.0
1972,Female+,20 to 24 years,34534.0
1973,Female+,20 to 24 years,35432.0
1974,Female+,20 to 24 years,36789.0
1975,Female+,20 to 24 years,38816.0
1976,Female+,20 to 24 years,40915.0
1977,Female+,20 to 24 years,42943.0
1978,Female+,20 to 24 years,44062.0
1979,Female+,20 to 24 years,44652.0
1980,Female+,20 to 24 years,44858.0
1981,Female+,20 to 24 years,44992.0
1982,Female+,20 to 24 years,45422.0
1983,Female+,20 to 24 years,46895.0
1984,Female+,20 to 24 years,47883.0
1985,Female+,20 to 24 years,47942.0
1986,Female+,20 to 24 years,46584.0
1987,Female+,20 to 24 years,44061.0
1988,Female+,20 to 24 years,40563.0
1989,Female+,20 to 24 years,37197.0
1990,Female+,20 to 24 years,34381.0
1991,Female+,20 to 24 years,33075.0
1992,Female+,20 to 24 years,32857.0
1993,Female+,20 to 24 years,32901.0
1994,Female+,20 to 24 years,32948.0
1995,Female+,20 to 24 years,33242.0
1996,Female+,20 to 24 years,33721.0
1997,Female+,20 to 24 years,34113.0
1998,Female+,20 to 24 years,34116.0
1999,Female+,20 to 24 years,34452.0
2000,Female+,20 to 24 years,34393.0
2001,Female+,20 to 24 years,34229.0
2002,Female+,20 to 24 years,34320.0
2003,Female+,20 to 24 years,35186.0
2004,Female+,20 to 24 years,35986.0
2005,Female+,20 to 24 years,35882.0
2006,Female+,20 to 24 years,35786.0
2007,Female+,20 to 24 years,36176.0
2008,Female+,20 to 24 years,36603.0
2009,Female+,20 to 24 years,37658.0
2010,Female+,20 to 24 years,38591.0
2011,Female+,20 to 24 years,38804.0
2012,Female+,20 to 24 years,38261.0
2013,Female+,20 to 24 years,37995.0
2014,Female+,20 to 24 years,37172.0
2015,Female+,20 to 24 years,36452.0
2016,Female+,20 to 24 years,35739.0
2017,Female+,20 to 24 years,35464.0
2018,Female+,20 to 24 years,35109.0
2019,Female+,20 to 24 years,35003.0
2020,Female+,20 to 24 years,34658.0
2021,Female+,20 to 24 years,34379.0
2022,Female+,20 to 24 years,34726.0
2023,Female+,20 to 24 years,35861.0
1971,Female+,25 to 29 years,26502.0
1972,Female+,25 to 29 years,27270.0
1973,Female+,25 to 29 years,27565.0
1974,Female+,25 to 29 years,28536.0
1975,Female+,25 to 29 years,30337.0
1976,Female+,25 to 29 years,32249.0
1977,Female+,25 to 29 years,33479.0
1978,Female+,25 to 29 years,34919.0
1979,Female+,25 to 29 years,36612.0
1980,Female+,25 to 29 years,38600.0
1981,Female+,25 to 29 years,40265.0
1982,Female+,25 to 29 years,42049.0
1983,Female+,25 to 29 years,43519.0
1984,Female+,25 to 29 years,44465.0
1985,Female+,25 to 29 years,44860.0
1986,Female+,25 to 29 years,44787.0
1987,Female+,25 to 29 years,45154.0
1988,Female+,25 to 29 years,45228.0
1989,Female+,25 to 29 years,44042.0
1990,Female+,25 to 29 years,41711.0
1991,Female+,25 to 29 years,39271.0
1992,Female+,25 to 29 years,37024.0
1993,Female+,25 to 29 years,34868.0
1994,Female+,25 to 29 years,33060.0
1995,Female+,25 to 29 years,32061.0
1996,Female+,25 to 29 years,31740.0
1997,Female+,25 to 29 years,31537.0
1998,Female+,25 to 29 years,31555.0
1999,Female+,25 to 29 years,31067.0
2000,Female+,25 to 29 years,30633.0
2001,Female+,25 to 29 years,30377.0
2002,Female+,25 to 29 years,30305.0
2003,Female+,25 to 29 years,30230.0
2004,Female+,25 to 29 years,30936.0
2005,Female+,25 to 29 years,31395.0
2006,Female+,25 to 29 years,31702.0
2007,Female+,25 to 29 years,32351.0
2008,Female+,25 to 29 years,33690.0
2009,Female+,25 to 29 years,35352.0
2010,Female+,25 to 29 years,37093.0
2011,Female+,25 to 29 years,38625.0
2012,Female+,25 to 29 years,39740.0
2013,Female+,25 to 29 years,40058.0
2014,Female+,25 to 29 years,40258.0
2015,Female+,25 to 29 years,40378.0
2016,Female+,25 to 29 years,40312.0
2017,Female+,25 to 29 years,40203.0
2018,Female+,25 to 29 years,39722.0
2019,Female+,25 to 29 years,38865.0
2020,Female+,25 to 29 years,37683.0
2021,Female+,25 to 29 years,36435.0
2022,Female+,25 to 29 years,36187.0
2023,Female+,25 to 29 years,37247.0
1971,Female+,30 to 34 years,23618.0
1972,Female+,30 to 34 years,23327.0
1973,Female+,30 to 34 years,23314.0
1974,Female+,30 to 34 years,23573.0
1975,Female+,30 to 34 years,24440.0
1976,Female+,30 to 34 years,25456.0
1977,Female+,30 to 34 years,27260.0
1978,Female+,30 to 34 years,28438.0
1979,Female+,30 to 34 years,29904.0
1980,Female+,30 to 34 years,31658.0
1981,Female+,30 to 34 years,33224.0
1982,Female+,30 to 34 years,33983.0
1983,Female+,30 to 34 years,35396.0
1984,Female+,30 to 34 years,37271.0
1985,Female+,30 to 34 years,39178.0
1986,Female+,30 to 34 years,40582.0
1987,Female+,30 to 34 years,41862.0
1988,Female+,30 to 34 years,42293.0
1989,Female+,30 to 34 years,42042.0
1990,Female+,30 to 34 years,41294.0
1991,Female+,30 to 34 years,41106.0
1992,Female+,30 to 34 years,40947.0
1993,Female+,30 to 34 years,41031.0
1994,Female+,30 to 34 years,40645.0
1995,Female+,30 to 34 years,39803.0
1996,Female+,30 to 34 years,38471.0
1997,Female+,30 to 34 years,36580.0
1998,Female+,30 to 34 years,34617.0
1999,Female+,30 to 34 years,32670.0
2000,Female+,30 to 34 years,30978.0
2001,Female+,30 to 34 years,29826.0
2002,Female+,30 to 34 years,29390.0
2003,Female+,30 to 34 years,29337.0
2004,Female+,30 to 34 years,28922.0
2005,Female+,30 to 34 years,28628.0
2006,Female+,30 to 34 years,28767.0
2007,Female+,30 to 34 years,29575.0
2008,Female+,30 to 34 years,30290.0
2009,Female+,30 to 34 years,31426.0
2010,Female+,30 to 34 years,32438.0
2011,Female+,30 to 34 years,33235.0
2012,Female+,30 to 34 years,35086.0
2013,Female+,30 to 34 years,37197.0
2014,Female+,30 to 34 years,38811.0
2015,Female+,30 to 34 years,39833.0
2016,Female+,30 to 34 years,40787.0
2017,Female+,30 to 34 years,41408.0
2018,Female+,30 to 34 years,41255.0
2019,Female+,30 to 34 years,41299.0
2020,Female+,30 to 34 years,41235.0
2021,Female+,30 to 34 years,40672.0
2022,Female+,30 to 34 years,40296.0
2023,Female+,30 to 34 years,41399.0
1971,Female+,35 to 39 years,23674.0
1972,Female+,35 to 39 years,22892.0
1973,Female+,35 to 39 years,22257.0
1974,Female+,35 to 39 years,21720.0
1975,Female+,35 to 39 years,21835.0
1976,Female+,35 to 39 years,22506.0
1977,Female+,35 to 39 years,23066.0
1978,Female+,35 to 39 years,23600.0
1979,Female+,35 to 39 years,24223.0
1980,Female+,35 to 39 years,24905.0
1981,Female+,35 to 39 years,25536.0
1982,Female+,35 to 39 years,27386.0
1983,Female+,35 to 39 years,28820.0
1984,Female+,35 to 39 years,30402.0
1985,Female+,35 to 39 years,31964.0
1986,Female+,35 to 39 years,33007.0
1987,Female+,35 to 39 years,33504.0
1988,Female+,35 to 39 years,34400.0
1989,Female+,35 to 39 years,35524.0
1990,Female+,35 to 39 years,36526.0
1991,Female+,35 to 39 years,37596.0
1992,Female+,35 to 39 years,38605.0
1993,Female+,35 to 39 years,39358.0
1994,Female+,35 to 39 years,39781.0
1995,Female+,35 to 39 years,40150.0
1996,Female+,35 to 39 years,40240.0
1997,Female+,35 to 39 years,40261.0
1998,Female+,35 to 39 years,40316.0
1999,Female+,35 to 39 years,39874.0
2000,Female+,35 to 39 years,38771.0
2001,Female+,35 to 39 years,37036.0
2002,Female+,35 to 39 years,35179.0
2003,Female+,35 to 39 years,33191.0
2004,Female+,35 to 39 years,31448.0
2005,Female+,35 to 39 years,29930.0
2006,Female+,35 to 39 years,29172.0
2007,Female+,35 to 39 years,29221.0
2008,Female+,35 to 39 years,29635.0
2009,Female+,35 to 39 years,29865.0
2010,Female+,35 to 39 years,30430.0
2011,Female+,35 to 39 years,31139.0
2012,Female+,35 to 39 years,32231.0
2013,Female+,35 to 39 years,33133.0
2014,Female+,35 to 39 years,34423.0
2015,Female+,35 to 39 years,35623.0
2016,Female+,35 to 39 years,37036.0
2017,Female+,35 to 39 years,38135.0
2018,Female+,35 to 39 years,39454.0
2019,Female+,35 to 39 years,40324.0
2020,Female+,35 to 39 years,40911.0
2021,Female+,35 to 39 years,41167.0
2022,Female+,35 to 39 years,42055.0
2023,Female+,35 to 39 years,43664.0
1971,Female+,40 to 44 years,24800.0
1972,Female+,40 to 44 years,24135.0
1973,Female+,40 to 44 years,23477.0
1974,Female+,40 to 44 years,23058.0
1975,Female+,40 to 44 years,22592.0
1976,Female+,40 to 44 years,22568.0
1977,Female+,40 to 44 years,22356.0
1978,Female+,40 to 44 years,22221.0
1979,Female+,40 to 44 years,22075.0
1980,Female+,40 to 44 years,22218.0
1981,Female+,40 to 44 years,22726.0
1982,Female+,40 to 44 years,23042.0
1983,Female+,40 to 44 years,23636.0
1984,Female+,40 to 44 years,24369.0
1985,Female+,40 to 44 years,25108.0
1986,Female+,40 to 44 years,25753.0
1987,Female+,40 to 44 years,27277.0
1988,Female+,40 to 44 years,28164.0
1989,Female+,40 to 44 years,29163.0
1990,Female+,40 to 44 years,30225.0
1991,Female+,40 to 44 years,31223.0
1992,Female+,40 to 44 years,31604.0
1993,Female+,40 to 44 years,32531.0
1994,Female+,40 to 44 years,33847.0
1995,Female+,40 to 44 years,35354.0
1996,Female+,40 to 44 years,36685.0
1997,Female+,40 to 44 years,37742.0
1998,Female+,40 to 44 years,38683.0
1999,Female+,40 to 44 years,39078.0
2000,Female+,40 to 44 years,39029.0
2001,Female+,40 to 44 years,38878.0
2002,Female+,40 to 44 years,38837.0
2003,Female+,40 to 44 years,38940.0
2004,Female+,40 to 44 years,38744.0
2005,Female+,40 to 44 years,37917.0
2006,Female+,40 to 44 years,36685.0
2007,Female+,40 to 44 years,35092.0
2008,Female+,40 to 44 years,33410.0
2009,Female+,40 to 44 years,32051.0
2010,Female+,40 to 44 years,31147.0
2011,Female+,40 to 44 years,30976.0
2012,Female+,40 to 44 years,31404.0
2013,Female+,40 to 44 years,31959.0
2014,Female+,40 to 44 years,32238.0
2015,Female+,40 to 44 years,32604.0
2016,Female+,40 to 44 years,33355.0
2017,Female+,40 to 44 years,34244.0
2018,Female+,40 to 44 years,34842.0
2019,Female+,40 to 44 years,35741.0
2020,Female+,40 to 44 years,36557.0
2021,Female+,40 to 44 years,37186.0
2022,Female+,40 to 44 years,38321.0
2023,Female+,40 to 44 years,40778.0
1971,Female+,45 to 49 years,25927.0
1972,Female+,45 to 49 years,25124.0
1973,Female+,45 to 49 years,24774.0
1974,Female+,45 to 49 years,24203.0
1975,Female+,45 to 49 years,23931.0
1976,Female+,45 to 49 years,23705.0
1977,Female+,45 to 49 years,23523.0
1978,Female+,45 to 49 years,23227.0
1979,Female+,45 to 49 years,23041.0
1980,Female+,45 to 49 years,22514.0
1981,Female+,45 to 49 years,22301.0
1982,Female+,45 to 49 years,22121.0
1983,Female+,45 to 49 years,22046.0
1984,Female+,45 to 49 years,21983.0
1985,Female+,45 to 49 years,22005.0
1986,Female+,45 to 49 years,22414.0
1987,Female+,45 to 49 years,22714.0
1988,Female+,45 to 49 years,23079.0
1989,Female+,45 to 49 years,23532.0
1990,Female+,45 to 49 years,23903.0
1991,Female+,45 to 49 years,24385.0
1992,Female+,45 to 49 years,25841.0
1993,Female+,45 to 49 years,26897.0
1994,Female+,45 to 49 years,28159.0
1995,Female+,45 to 49 years,29512.0
1996,Female+,45 to 49 years,30509.0
1997,Female+,45 to 49 years,30967.0
1998,Female+,45 to 49 years,31819.0
1999,Female+,45 to 49 years,33168.0
2000,Female+,45 to 49 years,34548.0
2001,Female+,45 to 49 years,35646.0
2002,Female+,45 to 49 years,36723.0
2003,Female+,45 to 49 years,37642.0
2004,Female+,45 to 49 years,38087.0
2005,Female+,45 to 49 years,38103.0
2006,Female+,45 to 49 years,38070.0
2007,Female+,45 to 49 years,38369.0
2008,Female+,45 to 49 years,38920.0
2009,Female+,45 to 49 years,39050.0
2010,Female+,45 to 49 years,38615.0
2011,Female+,45 to 49 years,37635.0
2012,Female+,45 to 49 years,36288.0
2013,Female+,45 to 49 years,34647.0
2014,Female+,45 to 49 years,33298.0
2015,Female+,45 to 49 years,32270.0
2016,Female+,45 to 49 years,32120.0
2017,Female+,45 to 49 years,32352.0
2018,Female+,45 to 49 years,32804.0
2019,Female+,45 to 49 years,32995.0
2020,Female+,45 to 49 years,33183.0
2021,Female+,45 to 49 years,33455.0
2022,Female+,45 to 49 years,34007.0
2023,Female+,45 to 49 years,35097.0
1971,Female+,50 to 54 years,24842.0
1972,Female+,50 to 54 years,25089.0
1973,Female+,50 to 54 years,24889.0
1974,Female+,50 to 54 years,24842.0
1975,Female+,50 to 54 years,24774.0
1976,Female+,50 to 54 years,24630.0
1977,Female+,50 to 54 years,24273.0
1978,Female+,50 to 54 years,24273.0
1979,Female+,50 to 54 years,23977.0
1980,Female+,50 to 54 years,23733.0
1981,Female+,50 to 54 years,23461.0
1982,Female+,50 to 54 years,23273.0
1983,Female+,50 to 54 years,23030.0
1984,Female+,50 to 54 years,22820.0
1985,Female+,50 to 54 years,22356.0
1986,Female+,50 to 54 years,22050.0
1987,Female+,50 to 54 years,21788.0
1988,Female+,50 to 54 years,21634.0
1989,Female+,50 to 54 years,21406.0
1990,Female+,50 to 54 years,21251.0
1991,Female+,50 to 54 years,21549.0
1992,Female+,50 to 54 years,21827.0
1993,Female+,50 to 54 years,22232.0
1994,Female+,50 to 54 years,22781.0
1995,Female+,50 to 54 years,23355.0
1996,Female+,50 to 54 years,23898.0
1997,Female+,50 to 54 years,25185.0
1998,Female+,50 to 54 years,26198.0
1999,Female+,50 to 54 years,27426.0
2000,Female+,50 to 54 years,28651.0
2001,Female+,50 to 54 years,29757.0
2002,Female+,50 to 54 years,30142.0
2003,Female+,50 to 54 years,30972.0
2004,Female+,50 to 54 years,32309.0
2005,Female+,50 to 54 years,33808.0
2006,Female+,50 to 54 years,35114.0
2007,Female+,50 to 54 years,36416.0
2008,Female+,50 to 54 years,37538.0
2009,Female+,50 to 54 years,38192.0
2010,Female+,50 to 54 years,38529.0
2011,Female+,50 to 54 years,38669.0
2012,Female+,50 to 54 years,38992.0
2013,Female+,50 to 54 years,39344.0
2014,Female+,50 to 54 years,39435.0
2015,Female+,50 to 54 years,38945.0
2016,Female+,50 to 54 years,37911.0
2017,Female+,50 to 54 years,36397.0
2018,Female+,50 to 54 years,34642.0
2019,Female+,50 to 54 years,33181.0
2020,Female+,50 to 54 years,32236.0
2021,Female+,50 to 54 years,32017.0
2022,Female+,50 to 54 years,32113.0
2023,Female+,50 to 54 years,32622.0
1971,Female+,55 to 59 years,23160.0
1972,Female+,55 to 59 years,23162.0
1973,Female+,55 to 59 years,23193.0
1974,Female+,55 to 59 years,22974.0
1975,Female+,55 to 59 years,23203.0
1976,Female+,55 to 59 years,23518.0
1977,Female+,55 to 59 years,24028.0
1978,Female+,55 to 59 years,24108.0
1979,Female+,55 to 59 years,24222.0
1980,Female+,55 to 59 years,24036.0
1981,Female+,55 to 59 years,23838.0
1982,Female+,55 to 59 years,23582.0
1983,Female+,55 to 59 years,23744.0
1984,Female+,55 to 59 years,23543.0
1985,Female+,55 to 59 years,23378.0
1986,Female+,55 to 59 years,23072.0
1987,Female+,55 to 59 years,22836.0
1988,Female+,55 to 59 years,22450.0
1989,Female+,55 to 59 years,22105.0
1990,Female+,55 to 59 years,21565.0
1991,Female+,55 to 59 years,21157.0
1992,Female+,55 to 59 years,20937.0
1993,Female+,55 to 59 years,20911.0
1994,Female+,55 to 59 years,20754.0
1995,Female+,55 to 59 years,20796.0
1996,Female+,55 to 59 years,21192.0
1997,Female+,55 to 59 years,21377.0
1998,Female+,55 to 59 years,21713.0
1999,Female+,55 to 59 years,22100.0
2000,Female+,55 to 59 years,22507.0
2001,Female+,55 to 59 years,22903.0
2002,Female+,55 to 59 years,24180.0
2003,Female+,55 to 59 years,25315.0
2004,Female+,55 to 59 years,26631.0
2005,Female+,55 to 59 years,27934.0
2006,Female+,55 to 59 years,29082.0
2007,Female+,55 to 59 years,29599.0
2008,Female+,55 to 59 years,30583.0
2009,Female+,55 to 59 years,32018.0
2010,Female+,55 to 59 years,33654.0
2011,Female+,55 to 59 years,35028.0
2012,Female+,55 to 59 years,36227.0
2013,Female+,55 to 59 years,37149.0
2014,Female+,55 to 59 years,37639.0
2015,Female+,55 to 59 years,37871.0
2016,Female+,55 to 59 years,38054.0
2017,Female+,55 to 59 years,38399.0
2018,Female+,55 to 59 years,38769.0
2019,Female+,55 to 59 years,38855.0
2020,Female+,55 to 59 years,38285.0
2021,Female+,55 to 59 years,37144.0
2022,Female+,55 to 59 years,35644.0
2023,Female+,55 to 59 years,34082.0
1971,Female+,60 to 64 years,18792.0
1972,Female+,60 to 64 years,19313.0
1973,Female+,60 to 64 years,19806.0
1974,Female+,60 to 64 years,20515.0
1975,Female+,60 to 64 years,21261.0
1976,Female+,60 to 64 years,21648.0
1977,Female+,60 to 64 years,21901.0
1978,Female+,60 to 64 years,22223.0
1979,Female+,60 to 64 years,22181.0
1980,Female+,60 to 64 years,22545.0
1981,Female+,60 to 64 years,22781.0
1982,Female+,60 to 64 years,23182.0
1983,Female+,60 to 64 years,23202.0
1984,Female+,60 to 64 years,23391.0
1985,Female+,60 to 64 years,23271.0
1986,Female+,60 to 64 years,23077.0
1987,Female+,60 to 64 years,22864.0
1988,Female+,60 to 64 years,22835.0
1989,Female+,60 to 64 years,22535.0
1990,Female+,60 to 64 years,22169.0
1991,Female+,60 to 64 years,21911.0
1992,Female+,60 to 64 years,21673.0
1993,Female+,60 to 64 years,21358.0
1994,Female+,60 to 64 years,21121.0
1995,Female+,60 to 64 years,20759.0
1996,Female+,60 to 64 years,20443.0
1997,Female+,60 to 64 years,20110.0
1998,Female+,60 to 64 years,20004.0
1999,Female+,60 to 64 years,19868.0
2000,Female+,60 to 64 years,19869.0
2001,Female+,60 to 64 years,20177.0
2002,Female+,60 to 64 years,20368.0
2003,Female+,60 to 64 years,20738.0
2004,Female+,60 to 64 years,21217.0
2005,Female+,60 to 64 years,21653.0
2006,Female+,60 to 64 years,22132.0
2007,Female+,60 to 64 years,23526.0
2008,Female+,60 to 64 years,24780.0
2009,Female+,60 to 64 years,26150.0
2010,Female+,60 to 64 years,27498.0
2011,Female+,60 to 64 years,28702.0
2012,Female+,60 to 64 years,29076.0
2013,Female+,60 to 64 years,29877.0
2014,Female+,60 to 64 years,31133.0
2015,Female+,60 to 64 years,32601.0
2016,Female+,60 to 64 years,33853.0
2017,Female+,60 to 64 years,35121.0
2018,Female+,60 to 64 years,36175.0
2019,Female+,60 to 64 years,36934.0
2020,Female+,60 to 64 years,37350.0
2021,Female+,60 to 64 years,37560.0
2022,Female+,60 to 64 years,37843.0
2023,Female+,60 to 64 years,38213.0
1971,Female+,65 to 69 years,14997.0
1972,Female+,65 to 69 years,15553.0
1973,Female+,65 to 69 years,15923.0
1974,Female+,65 to 69 years,16333.0
1975,Female+,65 to 69 years,16690.0
1976,Female+,65 to 69 years,17452.0
1977,Female+,65 to 69 years,18125.0
1978,Female+,65 to 69 years,18653.0
1979,Female+,65 to 69 years,19422.0
1980,Female+,65 to 69 years,20114.0
1981,Female+,65 to 69 years,20504.0
1982,Female+,65 to 69 years,20972.0
1983,Female+,65 to 69 years,21266.0
1984,Female+,65 to 69 years,21210.0
1985,Female+,65 to 69 years,21626.0
1986,Female+,65 to 69 years,21835.0
1987,Female+,65 to 69 years,22053.0
1988,Female+,65 to 69 years,22006.0
1989,Female+,65 to 69 years,22042.0
1990,Female+,65 to 69 years,21893.0
1991,Female+,65 to 69 years,21718.0
1992,Female+,65 to 69 years,21434.0
1993,Female+,65 to 69 years,21428.0
1994,Female+,65 to 69 years,21215.0
1995,Female+,65 to 69 years,20867.0
1996,Female+,65 to 69 years,20680.0
1997,Female+,65 to 69 years,20474.0
1998,Female+,65 to 69 years,20144.0
1999,Female+,65 to 69 years,19849.0
2000,Female+,65 to 69 years,19405.0
2001,Female+,65 to 69 years,19122.0
2002,Female+,65 to 69 years,18904.0
2003,Female+,65 to 69 years,18892.0
2004,Female+,65 to 69 years,18782.0
2005,Female+,65 to 69 years,18811.0
2006,Female+,65 to 69 years,19192.0
2007,Female+,65 to 69 years,19523.0
2008,Female+,65 to 69 years,19878.0
2009,Female+,65 to 69 years,20319.0
2010,Female+,65 to 69 years,20737.0
2011,Female+,65 to 69 years,21264.0
2012,Female+,65 to 69 years,22522.0
2013,Female+,65 to 69 years,23602.0
2014,Female+,65 to 69 years,24664.0
2015,Female+,65 to 69 years,25689.0
2016,Female+,65 to 69 years,26618.0
2017,Female+,65 to 69 years,27228.0
2018,Female+,65 to 69 years,28172.0
2019,Female+,65 to 69 years,29620.0
2020,Female+,65 to 69 years,31245.0
2021,Female+,65 to 69 years,32713.0
2022,Female+,65 to 69 years,34005.0
2023,Female+,65 to 69 years,35190.0
1971,Female+,70 to 74 years,11756.0
1972,Female+,70 to 74 years,11748.0
1973,Female+,70 to 74 years,12104.0
1974,Female+,70 to 74 years,12388.0
1975,Female+,70 to 74 years,12850.0
1976,Female+,70 to 74 years,13259.0
1977,Female+,70 to 74 years,13864.0
1978,Female+,70 to 74 years,14399.0
1979,Female+,70 to 74 years,14994.0
1980,Female+,70 to 74 years,15318.0
1981,Female+,70 to 74 years,15944.0
1982,Female+,70 to 74 years,16549.0
1983,Female+,70 to 74 years,17092.0
1984,Female+,70 to 74 years,17915.0
1985,Female+,70 to 74 years,18594.0
1986,Female+,70 to 74 years,18969.0
1987,Female+,70 to 74 years,19375.0
1988,Female+,70 to 74 years,19497.0
1989,Female+,70 to 74 years,19404.0
1990,Female+,70 to 74 years,19669.0
1991,Female+,70 to 74 years,19881.0
1992,Female+,70 to 74 years,20223.0
1993,Female+,70 to 74 years,20221.0
1994,Female+,70 to 74 years,20216.0
1995,Female+,70 to 74 years,20105.0
1996,Female+,70 to 74 years,19849.0
1997,Female+,70 to 74 years,19647.0
1998,Female+,70 to 74 years,19605.0
1999,Female+,70 to 74 years,19419.0
2000,Female+,70 to 74 years,19091.0
2001,Female+,70 to 74 years,18813.0
2002,Female+,70 to 74 years,18739.0
2003,Female+,70 to 74 years,18477.0
2004,Female+,70 to 74 years,18259.0
2005,Female+,70 to 74 years,17915.0
2006,Female+,70 to 74 years,17719.0
2007,Female+,70 to 74 years,17557.0
2008,Female+,70 to 74 years,17591.0
2009,Female+,70 to 74 years,17435.0
2010,Female+,70 to 74 years,17486.0
2011,Female+,70 to 74 years,17804.0
2012,Female+,70 to 74 years,18005.0
2013,Female+,70 to 74 years,18257.0
2014,Female+,70 to 74 years,18559.0
2015,Female+,70 to 74 years,18914.0
2016,Female+,70 to 74 years,19311.0
2017,Female+,70 to 74 years,20582.0
2018,Female+,70 to 74 years,21636.0
2019,Female+,70 to 74 years,22829.0
2020,Female+,70 to 74 years,23972.0
2021,Female+,70 to 74 years,25073.0
2022,Female+,70 to 74 years,25653.0
2023,Female+,70 to 74 years,26628.0
1971,Female+,75 to 79 years,9257.0
1972,Female+,75 to 79 years,9367.0
1973,Female+,75 to 79 years,9310.0
1974,Female+,75 to 79 years,9300.0
1975,Female+,75 to 79 years,9523.0
1976,Female+,75 to 79 years,9705.0
1977,Female+,75 to 79 years,9869.0
1978,Female+,75 to 79 years,10241.0
1979,Female+,75 to 79 years,10543.0
1980,Female+,75 to 79 years,11009.0
1981,Female+,75 to 79 years,11461.0
1982,Female+,75 to 79 years,12039.0
1983,Female+,75 to 79 years,12566.0
1984,Female+,75 to 79 years,13010.0
1985,Female+,75 to 79 years,13383.0
1986,Female+,75 to 79 years,13942.0
1987,Female+,75 to 79 years,14384.0
1988,Female+,75 to 79 years,14977.0
1989,Female+,75 to 79 years,15724.0
1990,Female+,75 to 79 years,16429.0
1991,Female+,75 to 79 years,16653.0
1992,Female+,75 to 79 years,16895.0
1993,Female+,75 to 79 years,17037.0
1994,Female+,75 to 79 years,17062.0
1995,Female+,75 to 79 years,17351.0
1996,Female+,75 to 79 years,17538.0
1997,Female+,75 to 79 years,17623.0
1998,Female+,75 to 79 years,17627.0
1999,Female+,75 to 79 years,17688.0
2000,Female+,75 to 79 years,17556.0
2001,Female+,75 to 79 years,17370.0
2002,Female+,75 to 79 years,17161.0
2003,Female+,75 to 79 years,17147.0
2004,Female+,75 to 79 years,17014.0
2005,Female+,75 to 79 years,16756.0
2006,Female+,75 to 79 years,16702.0
2007,Female+,75 to 79 years,16648.0
2008,Female+,75 to 79 years,16481.0
2009,Female+,75 to 79 years,16335.0
2010,Female+,75 to 79 years,16006.0
2011,Female+,75 to 79 years,15715.0
2012,Female+,75 to 79 years,15514.0
2013,Female+,75 to 79 years,15542.0
2014,Female+,75 to 79 years,15347.0
2015,Female+,75 to 79 years,15334.0
2016,Female+,75 to 79 years,15697.0
2017,Female+,75 to 79 years,15925.0
2018,Female+,75 to 79 years,16160.0
2019,Female+,75 to 79 years,16550.0
2020,Female+,75 to 79 years,17011.0
2021,Female+,75 to 79 years,17488.0
2022,Female+,75 to 79 years,18645.0
2023,Female+,75 to 79 years,19627.0
1971,Female+,80 to 84 years,6638.0
1972,Female+,80 to 84 years,6669.0
1973,Female+,80 to 84 years,6734.0
1974,Female+,80 to 84 years,6752.0
1975,Female+,80 to 84 years,6716.0
1976,Female+,80 to 84 years,6878.0
1977,Female+,80 to 84 years,7006.0
1978,Female+,80 to 84 years,7014.0
1979,Female+,80 to 84 years,7066.0
1980,Female+,80 to 84 years,7235.0
1981,Female+,80 to 84 years,7433.0
1982,Female+,80 to 84 years,7552.0
1983,Female+,80 to 84 years,7892.0
1984,Female+,80 to 84 years,8232.0
1985,Female+,80 to 84 years,8669.0
1986,Female+,80 to 84 years,9045.0
1987,Female+,80 to 84 years,9496.0
1988,Female+,80 to 84 years,9825.0
1989,Female+,80 to 84 years,10193.0
1990,Female+,80 to 84 years,10555.0
1991,Female+,80 to 84 years,11098.0
1992,Female+,80 to 84 years,11600.0
1993,Female+,80 to 84 years,12079.0
1994,Female+,80 to 84 years,12679.0
1995,Female+,80 to 84 years,13169.0
1996,Female+,80 to 84 years,13365.0
1997,Female+,80 to 84 years,13572.0
1998,Female+,80 to 84 years,13653.0
1999,Female+,80 to 84 years,13742.0
2000,Female+,80 to 84 years,13943.0
2001,Female+,80 to 84 years,14116.0
2002,Female+,80 to 84 years,14302.0
2003,Female+,80 to 84 years,14324.0
2004,Female+,80 to 84 years,14391.0
2005,Female+,80 to 84 years,14334.0
2006,Female+,80 to 84 years,14241.0
2007,Female+,80 to 84 years,14111.0
2008,Female+,80 to 84 years,14050.0
2009,Female+,80 to 84 years,13996.0
2010,Female+,80 to 84 years,13871.0
2011,Female+,80 to 84 years,13786.0
2012,Female+,80 to 84 years,13768.0
2013,Female+,80 to 84 years,13555.0
2014,Female+,80 to 84 years,13411.0
2015,Female+,80 to 84 years,13107.0
2016,Female+,80 to 84 years,12938.0
2017,Female+,80 to 84 years,12858.0
2018,Female+,80 to 84 years,12976.0
2019,Female+,80 to 84 years,12844.0
2020,Female+,80 to 84 years,12918.0
2021,Female+,80 to 84 years,13083.0
2022,Female+,80 to 84 years,13313.0
2023,Female+,80 to 84 years,13622.0
1971,Female+,85 to 89 years,3413.0
1972,Female+,85 to 89 years,3612.0
1973,Female+,85 to 89 years,3730.0
1974,Female+,85 to 89 years,3833.0
1975,Female+,85 to 89 years,3846.0
1976,Female+,85 to 89 years,3873.0
1977,Female+,85 to 89 years,3958.0
1978,Female+,85 to 89 years,4108.0
1979,Female+,85 to 89 years,4293.0
1980,Female+,85 to 89 years,4283.0
1981,Female+,85 to 89 years,4426.0
1982,Female+,85 to 89 years,4559.0
1983,Female+,85 to 89 years,4557.0
1984,Female+,85 to 89 years,4634.0
1985,Female+,85 to 89 years,4729.0
1986,Female+,85 to 89 years,4890.0
1987,Female+,85 to 89 years,5037.0
1988,Female+,85 to 89 years,5270.0
1989,Female+,85 to 89 years,5565.0
1990,Female+,85 to 89 years,5870.0
1991,Female+,85 to 89 years,6151.0
1992,Female+,85 to 89 years,6451.0
1993,Female+,85 to 89 years,6725.0
1994,Female+,85 to 89 years,6911.0
1995,Female+,85 to 89 years,7185.0
1996,Female+,85 to 89 years,7614.0
1997,Female+,85 to 89 years,7967.0
1998,Female+,85 to 89 years,8304.0
1999,Female+,85 to 89 years,8663.0
2000,Female+,85 to 89 years,8972.0
2001,Female+,85 to 89 years,9123.0
2002,Female+,85 to 89 years,9343.0
2003,Female+,85 to 89 years,9427.0
2004,Female+,85 to 89 years,9408.0
2005,Female+,85 to 89 years,9715.0
2006,Female+,85 to 89 years,9798.0
2007,Female+,85 to 89 years,9927.0
2008,Female+,85 to 89 years,9940.0
2009,Female+,85 to 89 years,10048.0
2010,Female+,85 to 89 years,10057.0
2011,Female+,85 to 89 years,10014.0
2012,Female+,85 to 89 years,9981.0
2013,Female+,85 to 89 years,9987.0
2014,Female+,85 to 89 years,9962.0
2015,Female+,85 to 89 years,9887.0
2016,Female+,85 to 89 years,9837.0
2017,Female+,85 to 89 years,9821.0
2018,Female+,85 to 89 years,9792.0
2019,Female+,85 to 89 years,9910.0
2020,Female+,85 to 89 years,9707.0
2021,Female+,85 to 89 years,9682.0
2022,Female+,85 to 89 years,9509.0
2023,Female+,85 to 89 years,9492.0
1991,Female+,90 to 94 years,
1992,Female+,90 to 94 years,
1993,Female+,90 to 94 years,
1994,Female+,90 to 94 years,
1995,Female+,90 to 94 years,
1996,Female+,90 to 94 years,
1997,Female+,90 to 94 years,
1998,Female+,90 to 94 years,
1999,Female+,90 to 94 years,
2000,Female+,90 to 94 years,3752.0
2001,Female+,90 to 94 years,3890.0
2002,Female+,90 to 94 years,4090.0
2003,Female+,90 to 94 years,4288.0
2004,Female+,90 to 94 years,4506.0
2005,Female+,90 to 94 years,4703.0
2006,Female+,90 to 94 years,4824.0
2007,Female+,90 to 94 years,4882.0
2008,Female+,90 to 94 years,4999.0
2009,Female+,90 to 94 years,5033.0
2010,Female+,90 to 94 years,5339.0
2011,Female+,90 to 94 years,5275.0
2012,Female+,90 to 94 years,5356.0
2013,Female+,90 to 94 years,5374.0
2014,Female+,90 to 94 years,5443.0
2015,Female+,90 to 94 years,5516.0
2016,Female+,90 to 94 years,5537.0
2017,Female+,90 to 94 years,5491.0
2018,Female+,90 to 94 years,5530.0
2019,Female+,90 to 94 years,5490.0
2020,Female+,90 to 94 years,5636.0
2021,Female+,90 to 94 years,5640.0
2022,Female+,90 to 94 years,5633.0
2023,Female+,90 to 94 years,5583.0
1991,Female+,95 to 99 years,
1992,Female+,95 to 99 years,
1993,Female+,95 to 99 years,
1994,Female+,95 to 99 years,
1995,Female+,95 to 99 years,
1996,Female+,95 to 99 years,
1997,Female+,95 to 99 years,
1998,Female+,95 to 99 years,
1999,Female+,95 to 99 years,
2000,Female+,95 to 99 years,921.0
2001,Female+,95 to 99 years,953.0
2002,Female+,95 to 99 years,996.0
2003,Female+,95 to 99 years,1058.0
2004,Female+,95 to 99 years,1086.0
2005,Female+,95 to 99 years,1203.0
2006,Female+,95 to 99 years,1331.0
2007,Female+,95 to 99 years,1422.0
2008,Female+,95 to 99 years,1498.0
2009,Female+,95 to 99 years,1544.0
2010,Female+,95 to 99 years,1624.0
2011,Female+,95 to 99 years,1715.0
2012,Female+,95 to 99 years,1783.0
2013,Female+,95 to 99 years,1806.0
2014,Female+,95 to 99 years,1772.0
2015,Female+,95 to 99 years,1857.0
2016,Female+,95 to 99 years,1895.0
2017,Female+,95 to 99 years,1963.0
2018,Female+,95 to 99 years,1990.0
2019,Female+,95 to 99 years,2029.0
2020,Female+,95 to 99 years,2004.0
2021,Female+,95 to 99 years,1980.0
2022,Female+,95 to 99 years,1957.0
2023,Female+,95 to 99 years,1942.0
1991,Female+,100 years and older,
1992,Female+,100 years and older,
1993,Female+,100 years and older,
1994,Female+,100 years and older,
1995,Female+,100 years and older,
1996,Female+,100 years and older,
1997,Female+,100 years and older,
1998,Female+,100 years and older,
1999,Female+,100 years and older,
2000,Female+,100 years and older,121.0
2001,Female+,100 years and older,122.0
2002,Female+,100 years and older,130.0
2003,Female+,100 years and older,134.0
2004,Female+,100 years and older,134.0
2005,Female+,100 years and older,159.0
2006,Female+,100 years and older,182.0
2007,Female+,100 years and older,185.0
2008,Female+,100 years and older,194.0
2009,Female+,100 years and older,229.0
2010,Female+,100 years and older,272.0
2011,Female+,100 years and older,262.0
2012,Female+,100 years and older,276.0
2013,Female+,100 years and older,299.0
2014,Female+,100 years and older,328.0
2015,Female+,100 years and older,352.0
2016,Female+,100 years and older,349.0
2017,Female+,100 years and older,360.0
2018,Female+,100 years and older,371.0
2019,Female+,100 years and older,375.0
2020,Female+,100 years and older,429.0
2021,Female+,100 years and older,422.0
2022,Female+,100 years and older,379.0
2023,Female+,100 years and older,368.0
1971,Female+,Average age,32.1
1972,Female+,Average age,32.5
1973,Female+,Average age,32.8
1974,Female+,Average age,33.0
1975,Female+,Average age,33.2
1976,Female+,Average age,33.3
1977,Female+,Average age,33.4
1978,Female+,Average age,33.6
1979,Female+,Average age,33.8
1980,Female+,Average age,33.9
1981,Female+,Average age,34.1
1982,Female+,Average age,34.3
1983,Female+,Average age,34.3
1984,Female+,Average age,34.4
1985,Female+,Average age,34.6
1986,Female+,Average age,34.8
1987,Female+,Average age,35.0
1988,Female+,Average age,35.3
1989,Female+,Average age,35.6
1990,Female+,Average age,36.0
1991,Female+,Average age,36.2
1992,Female+,Average age,36.5
1993,Female+,Average age,36.7
1994,Female+,Average age,36.9
1995,Female+,Average age,37.0
1996,Female+,Average age,37.2
1997,Female+,Average age,37.4
1998,Female+,Average age,37.6
1999,Female+,Average age,37.9
2000,Female+,Average age,38.2
2001,Female+,Average age,38.5
2002,Female+,Average age,38.7
2003,Female+,Average age,38.9
2004,Female+,Average age,39.1
2005,Female+,Average age,39.4
2006,Female+,Average age,39.6
2007,Female+,Average age,39.7
2008,Female+,Average age,39.7
2009,Female+,Average age,39.7
2010,Female+,Average age,39.7
2011,Female+,Average age,39.7
2012,Female+,Average age,39.7
2013,Female+,Average age,39.6
2014,Female+,Average age,39.6
2015,Female+,Average age,39.6
2016,Female+,Average age,39.6
2017,Female+,Average age,39.7
2018,Female+,Average age,39.8
2019,Female+,Average age,40.0
2020,Female+,Average age,40.2
2021,Female+,Average age,40.5
2022,Female+,Average age,40.5
2023,Female+,Average age,40.5
